YEAR,BRANCH,COMPANY PL
2012,DD,"GroupT, Belgium"
2012,DD,"LU, UK"
2012,DD,"GroupT, Belgium"
2012,DD,"LU, UK"
2012,DD,"LU, UK"
2012,DD,"LU, UK"
2012,DD,"LU, UK"
2012,DD,"LU, UK"
2012,DD,"LU, UK"
2012,DD,"LU, UK"
2012,DD,"LU, UK"
2012,DD,"LU, UK"
2012,ES,"Emulex (June 17, 2013)"
2012,ES,Intel
2012,ES,Intel
2012,ES,"Appiness interactive Pvt. Ltd, Bangalore"
2012,ES,"iSoft, Mangalore"
2012,ES,APCOGS
2012,ES,"Vigyan Labs (June 17, 2013)"
2012,ES,APCOGS
2012,ES,"Infineon (Aug 1, 2013)"
2012,ES,NXP Semiconductors
2012,ES,"Philips, Bangalore"
2012,ES,"APCOGS (Not Joining) / DRDO, Bangalore"
2012,ES,Citrix
2012,ES,"iSoft, Mangalore"
2012,ES,GE Healthcare
2012,ES,"Symphony Teleca (July 10, 2013)"
2012,ES,Intel
2012,ES,APCOGS
2012,ES,"Symphony Teleca (July 10, 2013)"
2012,ES,"Microchip (July 1, 2013)"
2012,ES,NXP Semiconductors
2012,ES,"iSoft, Mangalore"
2012,ES,APCOGS
2012,ES,"Anr Electronixs, Bangalore"
2012,ES,"Infineon (Aug 1, 2013)"
2012,ES,Citrix
2012,ES,"Mount Abu (July 1, 2013)"
2012,ES,"iSoft, Mangalore"
2012,ES,"iSoft, Mangalore"
2012,ES,NAN
2012,ES,"ST Microelectronics, Noida (June 14, 2013)"
2012,ES,"ST Microelectronics, Noida (June 14, 2013)"
2012,ES,"TATA POWER SED, BANAGLORE"
2012,ES,"ST Microelectronics, Noida (June 14, 2013)"
2012,ES,"Tenet, Bangalore"
2012,ES,"Traana Technologies, Bangalore"
2012,ES,"TechMahindra, Bangalore"
2012,ES,GE Healthcare
2012,ES,"METI, Mysore (July 1, 2013)"
2012,ES,"iSoft, Mangalore"
2012,ES,"SM Silicon, Hyd"
2012,ES,"Tenet, Bangalore"
2012,ES,"IBM (July 15, 2013)"
2012,ES,"Raylogix, Bangalore"
2012,ES,"METI, Mysore (July 1, 2013)"
2012,ES,APCOGS
2012,ES,APCOGS
2012,ES,"Serge Technology, Bangalore"
2012,ES,"KPIT, Bangalore"
2012,ES,"Silvan Innovation Labs Pvt Limited, Bangalore"
2012,ES,"Reign Technology, Bangalore"
2012,ES,Lantiq
2012,ES,"EasyArm, Bangalore"
2012,ES,NAN
2012,ES,"iSoft, Mangalore"
2012,ES,"Tonse, Manipal"
2012,ES,NAN
2012,ES,Off Campus
2012,ES,"Infineon (Aug 1, 2013)"
2012,ES,"ST Microelectronics, Noida (June 14, 2013)"
2012,ES,NAN
2012,ES,"Ericsson (July 15, 2013)"
2012,ES,Intel
2012,ES,"Dataway, Bangalore"
2012,ES,"SLN Technology, Bangalore"
2012,ES,"Philips, Bangalore"
2012,ES,"APCOGS (June 10, 2013)"
2012,ES,"AGV Systems, Mumbai"
2012,ES,NAN
2012,ES,"Mount Abu (July 1, 2013)"
2012,ES,"Axxonet/ cegonsoft, Bangalore"
2012,ES,"Brisa (July 1, 2013)"
2012,ES,"Altair, Bangalore"
2012,ES,BoP
2012,ES,"iSoft, Mangalore"
2012,ES,NAN
2012,ES,"Philips (June 10, 2013)"
2012,ES,"ITIE, Bangalore"
2012,ES,NAN
2012,ES,"MDN, Manipal"
2012,ES,"ST Microelectronics, Noida (June 14, 2013)"
2012,ES,"Emulex (June 17, 2013)"
2012,ES,"Brisa (July 1, 2013)"
2012,ES,APCOGS
2012,ES,NAN
2012,ES,"Tech Mahindra, Hyd"
2012,ES,"Boavista business solutions, Bangalore"
2012,ES,NAN
2012,ES,"GE, Bangalore"
2012,ES,"KPIT, Bangalore"
2012,ES,APCOGS
2012,ES,"Angel Attack systems, Bangalore"
2012,ES,Course Discountined
2012,ES,"Siris IT Service, Bangalore"
2012,ES,"Muthunga Technolies, Bangalore"
2012,ES,"IISc, Bangalore"
2012,EWT,APCOGS
2012,EWT,"iSoft, Mangalore"
2012,EWT,enterpeneural
2012,EWT,"APCOGS (June 10, 2013)"
2012,EWT,"Matri Tech, Hyd offered and denied"
2012,EWT,APCOGS
2012,ITM,"Oracle (June 1, 2013 to May 31, 2014)"
2012,ITM,"Slutura Solutions, Bangalore"
2012,ITM,"Joshi, SOIS"
2012,ITM,"Matri Tech, Hyd offered and denied"
2012,MS,"Philips, Bangalore"
2012,MS,NAN
2012,MS,"Volmo, "
2012,MS,"MIRS, PHILIPS"
2012,MS,"MIRS, PHILIPS"
2012,MS,"Philips (July 1, 2013)"
2012,MS,"MIRS, PHILIPS"
2012,MS,SAP Labs
2012,MS,NAN
2012,MS,"HANDSREL (June 17, 2013)"
2012,MS,"MIRS, PHILIPS"
2012,MS,"Philips (July 1, 2013)"
2012,MS,"Philips, Bangalore (June 10, 2013)"
2012,MS,"iSoft, Mangalore"
2012,MS,Philips Healthcare
2012,MS,Intel
2012,MS,"KPIT Cummins (June 17, 2013)"
2012,MS,"iSoft, Mangalore"
2012,MS,University of Pennsylvania
2012,MS,"Religare Heathfore Tech, Bangalore"
2012,MS,"HANDSREL (June 17, 2013)"
2012,MS,"MIRS, PHILIPS"
2012,VIR,"iSoft, Mangalore"
2012,VIR,"Volmo, June 24, 2013"
2012,VIR,"Ericsson (July 15, 2013)"
2012,VIR,Bosch
2012,VIR,"Altair, Bangalore"
2012,VIR,"iSoft, Mangalore"
2012,VIR,"Glopore IMS, Bangalore (June 24, 2013) "
2012,VLSI,"ST Microelectronics (Noida, June 14, 2013)"
2012,VLSI,Freescale
2012,VLSI,"IIT, Bombay"
2012,VLSI,NXP Semiconductors
2012,VLSI,LSI Tech
2012,VLSI,"ST Microelectronics, (Hyd June 14, 2013)"
2012,VLSI,Tech Vulcan
2012,VLSI,"LSI Tech (July 17, 2013)"
2012,VLSI,"Cognitive Design Technology, Bangalore"
2012,VLSI,"Tejas Networks, Bangalore"
2012,VLSI,"SPEL Semiconductor, Chennai"
2012,VLSI,"SPEL Semiconductor, Chennai"
2012,VLSI,"Synopsys (June 17, 2013)"
2012,VLSI,"Synopsys (June 17, 2013)"
2012,VLSI,Freescale
2012,VLSI,"SPEL Semiconductor, Chennai"
2012,VLSI,"Squid Design System, Hyd"
2012,VLSI,"Microchip (July 1, 2013)"
2012,VLSI,"LSI Tech (July 17, 2013)"
2012,VLSI,"DLRL, AndraPradesh"
2012,VLSI,"CVC, Bangalore"
2012,VLSI,Tech Vulcan (ST Microelectronics)
2012,VLSI,"BEL, Bangalore"
2012,VLSI,"MDN, Manipal"
2012,VLSI,"BEL, Bangalore"
2012,VLSI,"Karmic, Belgaum"
2012,VLSI,NAN
2012,VLSI,"Microchip (July 1, 2013)"
2012,VLSI,"HAL, Hyd"
2012,VLSI,NAN
2012,VLSI,"SPEL Semiconductor, Chennai"
2012,VLSI,"iSoft, Mangalore"
2012,VLSI,"Ericsson (July 15, 2013)"
2012,VLSI,"BEL, Bangalore"
2012,VLSI,"NAL, Bangalore"
2012,VLSI,"SPEL Semiconductor, Chennai"
2012,VLSI,"Tenet, Bangalore"
2012,VLSI,"SmartPlay, Bangalore"
2012,VLSI,"SPEL Semiconductor, Chennai"
2012,VLSI,"Sicon, Bangalore"
2012,VLSI,NAN
2012,VLSI,"BEL, Bangalore"
2012,VLSI,"IIT, Kanpur"
2012,VLSI,"Synopsys (June 17, 2013)"
2012,VLSI,"LSI Tech (July 17, 2013)"
2012,VLSI,"NAL, Bangalore"
2012,VLSI,LSI Tech
2012,VLSI,"MDN, Manipal"
2012,VLSI,NXP Semiconductors
2012,VLSI,NAN
2012,VLSI,"Xilinx (June 24, 2013)"
2012,VLSI,"BEL, Bangalore"
2012,VLSI,NAN
2012,VLSI,BCS Inovation Bangalore
2012,VLSI,NAN
2012,VLSI,NAN
2012,VLSI,"SPEL Semiconductor, Chennai"
2012,VLSI,"iSoft, Mangalore"
2012,VLSI,"TATA POWER SED, BANAGLORE"
2012,VLSI,NAN
2012,VSDV,Whizchip
2012,VSDV,Whizchip
2012,VSDV,Whizchip
2012,VSDV,Whizchip
2012,VSDV,Whizchip
2013,DD,NAN
2013,DD,"ESIGELEC, France"
2013,DD,"ESIGELEC, France"
2013,DD,"ESIGELEC, France"
2013,DD,"ESIGELEC, France"
2013,DD,"ESIGELEC, France"
2013,DD,"ESIGELEC, France"
2013,DD,"ESIGELEC, France"
2013,DD,"ESIGELEC, France"
2013,DD,"ESIGELEC, France"
2013,DD,"ESIGELEC, France"
2013,DD,"ESIGELEC, France"
2013,DD,"ESIGELEC, France"
2013,DD,"ESIGELEC, France"
2013,DD,NAN
2013,ES,"LSI, Bangalore"
2013,ES,"NXP, Bangalore"
2013,ES,"LSI, Bangalore"
2013,ES,"MDN, Manipal"
2013,ES,"Tonse, Manipal"
2013,ES,"BlackBuck, Hyd "
2013,ES,"Tonse, Manipal"
2013,ES,Optimus Logic private limited
2013,ES,"HoneyWell, MSRIT Research Group"
2013,ES,"MDN, Manipal"
2013,ES,"Tonse, Manipal"
2013,ES,"Ensilica, Bangalore"
2013,ES,"ACS, Bangalore"
2013,ES,"Tonse, Manipal"
2013,ES,"Tenet, Bangalore"
2013,ES,"NXP, Bangalore"
2013,ES,"Tonse, Manipal"
2013,ES,"Philips Bop, Manipal"
2013,ES,NAN
2013,ES,NAN
2013,ES,"Pragati Automation, Bangalore"
2013,ES,"Adrit Techosolutions, Bangalore"
2013,ES,"NXP, Bangalore"
2013,ES,"Brisa, Bangalore"
2013,ES,"Intel, Bangalore"
2013,ES,"Intel, Bangalore"
2013,ES,"eMath Tech, Bangalore"
2013,ES,"Philips Innovation, Bangalore"
2013,ES,"Technoelexis, Hyd"
2013,ES,"Microchip, Bangalore"
2013,ES,"Ricoh, Bangalore"
2013,ES,"Broadcom, Bangalore"
2013,ES,NAN
2013,ES,"Philips Lighting-Research, Bangalore"
2013,ES,"Infineon, Bangalore"
2013,ES,"PE System Ltd, Bangalore"
2013,ES,"Bosch, Bangalore"
2013,ES,"Intel, Bangalore"
2013,ES,"Microchip, Bangalore"
2013,ES,"Lantiq, Bangalore"
2013,ES,"Broadcom, Bangalore"
2013,ES,"Tata Autocomp, pune"
2013,ES,"Infineon, Bangalore"
2013,ES,"Tonse, Manipal"
2013,ES,"Philips Innovation, Bangalore"
2013,ES,"Philips Lighting-Research, Bangalore"
2013,ES,"iSoft, Mangalore"
2013,ES,"Brevera, Mangalore"
2013,ES,"Philips Research, Bangalore"
2013,ES,"iSoft, Mangalore"
2013,ES,"Philips Innovation, Bangalore"
2013,ES,"ACS, Manipal"
2013,ES,"Three Media Tech, Pune"
2013,ES,"Adrit Techosolutions, Bangalore"
2013,ES,"Philips Innovation, Bangalore"
2013,ES,"ERDE, Bangalore"
2013,ES,"Odigma, Bangalore"
2013,ES,"Siemens, Bangalore"
2013,ES,"Broadcom, Bangalore"
2013,ES,"Aryaka, Bangalore"
2013,ES,"Tonse, Manipal"
2013,ES,"Brisa, Bangalore"
2013,ES,"iSoft, Mangalore"
2013,ES,"Philips-BoP, Manipal"
2013,ES,"Tenet, Bangalore"
2013,ES,"BEL, Bangalore"
2013,ES,"Brisa, Bangalore"
2013,ES,"Tonse, Manipal"
2013,ES,"Intel, Bangalore"
2013,ES,"NeuroSynaptic, Bangalore"
2013,ES,"ST, Noida"
2013,ES,NAN
2013,ES,"ISRO, Bangalore"
2013,ES,"CITL, Bangalore"
2013,ES,"Philips Innovation, Bangalore"
2013,ES,"Tonse, Manipal"
2013,ES,"Sloki Software, Bangalore"
2013,ES,"Native5, Bangalore"
2013,ES,"GE, Bangalore"
2013,ES,"Brisa, Bangalore"
2013,ES,"Wipro, Bangalore"
2013,ES,"ISRO, Bangalore"
2013,ES,"ST Micro, Noida"
2013,ES,"Consilient-Tech, Bangalore"
2013,ES,"Intel, Bangalore"
2013,ES,"Amaron Power systems, Bangalore"
2013,ES,"ST, Noida"
2013,ES,"Brisa, Bangalore"
2013,ES,"EMC, Bangalore"
2013,ES,"Pace Wisdom, Bangalore"
2013,ES,"Microchip, Bangalore"
2013,ES,"Intel, Bangalore"
2013,ES,"IBM, Bangalore"
2013,ES,"iSoft, Mangalore"
2013,ES,"Matrix Publishing, Bangalore"
2013,ES,"Inbetween Software, Goa"
2013,ES,"Opex Labs, Bangalore"
2013,ES,"Genpact, Bangalore"
2013,ES,"iSoft, Mangalore"
2013,ES,"iSoft, Mangalore"
2013,ES,"Technoelexis, Hyd"
2013,ES,"Ezzoft, Bangalore"
2013,ES,"Kamath Transformers, Bangalore"
2013,ES,Pantech
2013,ES,"Aptean, Bangalore"
2013,ES,"PE System Ltd, Bangalore"
2013,ES,"Three Media Tech, Pune"
2013,ES,"Intel, Bangalore"
2013,EWT,NAN
2013,EWT,"Tonse, Manipal"
2013,EWT,"ACS, Manipal"
2013,EWT,NAN
2013,EWT,"IBM, Bangalore"
2013,EWT,"ACS, Manipal"
2013,EWT,"ACS, Manipal"
2013,EWT,"ACS, Manipal"
2013,EWT,Immortal Engg Slutions
2013,EWT,"ACS, Manipal"
2013,EWT,"volmo, Bangalore"
2013,EWT,"Philips Innovation, Bangalore"
2013,ITM,"EMC, Bangalore"
2013,ITM,"Tonse, Manipal"
2013,ITM,"EMC, Bangalore"
2013,MSW,"Philips Research, Bangalore"
2013,MSW,"Philips Innovation, Bangalore"
2013,MSW,"MIRS, Manipal"
2013,MSW,"Native5, Bangalore"
2013,MSW,"NeuroSynaptic, Bangalore"
2013,MSW,K2 Tech
2013,MSW,"Atlas Systems, Bangalore"
2013,MSW,"SAP, Bangalore"
2013,MSW,"Sysuniverse, Chennai"
2013,MSW,"Philips, Bangalore"
2013,MSW,"MIRS, Manipal"
2013,MSW,"iSoft, Mangalore"
2013,VLSI,"ST, Noida"
2013,VLSI,"AadiSemicon, Bangalore"
2013,VLSI,"ST, Noida"
2013,VLSI,NAN
2013,VLSI,"BlackBuck, Hyd"
2013,VLSI,"Aceice, Bangalore"
2013,VLSI,"CDAC, Hyd"
2013,VLSI,"PLX Tech, Bangalore"
2013,VLSI,"EMC, Bangalore"
2013,VLSI,"ST, Noida"
2013,VLSI,"MDN, Manipal"
2013,VLSI,"Reliable Technosystems, Hyd"
2013,VLSI,"BEL, Bangalore"
2013,VLSI,"Infineon, Bangalore"
2013,VLSI,"Infineon, Bangalore"
2013,VLSI,"Microchip, Bangalore"
2013,VLSI,"Intel, Bangalore"
2013,VLSI,"Nest, Trivandrum"
2013,VLSI,"Smart Play, Bangalore"
2013,VLSI,Grid India
2013,VLSI,"Barc, Mumbai"
2013,VLSI,"Microchip, Bangalore"
2013,VLSI,"MDN, Manipal"
2013,VLSI,"ST Micro, Noida"
2013,VLSI,"Emulex, Bangalore"
2013,VLSI,Global Tech. Bangalore
2013,VLSI,"MDN, Manipal"
2013,VLSI,NAN
2013,VLSI,"Barc, Mumbai"
2013,VLSI,"BEL, Bangalore"
2013,VLSI,"BEL, Bangalore"
2013,VLSI,"MDN, Manipal"
2013,VLSI,"BEL, Bangalore"
2013,VLSI,NAN
2013,VLSI,"BEL, Bangalore"
2013,VLSI,"Moxie, Noida"
2013,VLSI,NAN
2013,VLSI,"BEL, Bangalore"
2013,VLSI,"Intel, Bangalore"
2013,VLSI,"Microchip, Bangalore"
2013,VLSI,"BEL, Bangalore"
2013,VLSI,"CVC, Bangalore"
2013,VSDV,"Whizchip, Bangalore"
2013,VSDV,"Whizchip, Bangalore"
2013,VSDV,"Whizchip, Bangalore"
2013,VSDV,"Whizchip, Bangalore"
2013,VSDV,"Whizchip, Bangalore"
2013,VSDV,"Whizchip, Bangalore"
2014,ES,"ADA(HAL), Bangalore"
2014,ES,"Marvel, Pune"
2014,ES,"Marvel, Pune"
2014,ES,"Marvel, Pune"
2014,ES,"Marvel, Pune"
2014,ES,"E-Meditek, Gurgaon"
2014,ES,"Bosch, Bangalore"
2014,ES,"Bosch, Bangalore"
2014,ES,"BoP(MIRS), Manipal"
2014,ES,"BoP(MIRS), Manipal"
2014,ES,"Blackbuck, Hyderabad"
2014,ES,"MDN, Manipal"
2014,ES,"Tenet, Bangalore"
2014,ES,"Tenet, Bangalore"
2014,ES,"Brisa, Bangalore"
2014,ES,"Brisa, Bangalore"
2014,ES,"Avin Systems, Bangalore"
2014,ES,"Avin Systems, Bangalore"
2014,ES,"Avin Systems, Bangalore"
2014,ES,"Consilient-Tech, Bangalore"
2014,ES,"Broadcom, Bangalore"
2014,ES,"Broadcom, Bangalore"
2014,ES,"Synopsys, Hyderabad"
2014,ES,"Intel, Bangalore"
2014,ES,"Intel, Bangalore"
2014,ES,"Intel, Bangalore"
2014,ES,"Intel, Bangalore"
2014,ES,"Intel, Bangalore"
2014,ES,"Intel, Bangalore"
2014,ES,"Intel, Bangalore"
2014,ES,"Neurosynaptic, Bangalore"
2014,ES,"Neurosynaptic, Bangalore"
2014,ES,"Atonarp, Bangalore"
2014,ES,"Atonarp, Bangalore"
2014,ES,"Atonarp, Bangalore"
2014,ES,"Mircochip, Bangalore"
2014,ES,"Argus, Bangalore"
2014,ES,"GEMN, Bangalore"
2014,ES,"Neurosynaptic, Bangalore"
2014,ES,"Neurosynaptic, Bangalore"
2014,ES,"TCS, BANGALORE"
2014,ES,"EMC, Bangalore"
2014,ES,"Emulex, Bangalore"
2014,ES,"Emulex, Bangalore"
2014,ES,"Emulex, Bangalore"
2014,ES,"Infineon, Bangalore"
2014,ES,"Infineon, Bangalore"
2014,ES,"Infineon, Bangalore"
2014,ES,"Infineon, Bangalore"
2014,ES,"Infineon, Bangalore"
2014,ES,"Happiest Minds, Bangalore"
2014,ES,"Atonarp, Bangalore"
2014,ES,"Brisa, Bangalore"
2014,ES,"Brisa, Bangalore"
2014,ES,"Brisa, Bangalore"
2014,ES,"Intel, Bangalore"
2014,ES,"C-DAC, Hyd"
2014,ES,"ApCog, Manipal"
2014,ES,"ApCog, Bangalore"
2014,ES,"HAL, Bangalore"
2014,ES,"ISRO, Bangalore"
2014,ES,"iSoft, Mangalore"
2014,ES,"iSoft, Mangalore"
2014,ES,"iSoft, Mangalore"
2014,ES,"iSoft, Mangalore"
2014,ES,"iSoft, Mangalore (Wep Solution, Bangalore"
2014,ES,"iSoft, Mangalore; Evolute Systems, Bangalore"
2014,ES,"BoP(MIRS), Manipal"
2014,ES,"BoP(MIRS), Manipal"
2014,ES,"BoP, Manipal"
2014,ES,"BoP, Manipal"
2014,ES,"GVK Bio, Hyderabad"
2014,ES,"Ricoh, Bangalore"
2014,ES,"ABB, Bangalore"
2014,ES,"GE, Bangalore"
2014,ES,"Oracle, Bangalore"
2014,ES,"Philips Lighting, Bangalore"
2014,ES,ENSAI
2014,ES,NAN
2014,ES," iSoft, Mangalore"
2014,ES,"Barcode- India, Gurgaon "
2014,ES,NAN
2014,ESI,ESIGELEC
2014,EWT,"Tonse, Manipal"
2014,EWT,"MDN, Manipal"
2014,EWT,"Brisa, Bangalore"
2014,EWT,"Brisa, Bangalore"
2014,EWT,"CSD, Manipal"
2014,EWT,"Marvel, Pune"
2014,EWT,"EMC, Bangalore"
2014,EWT,"CSD, Manipal"
2014,EWT,"BESCOM, Bangalore"
2014,EWT,"Kallows, Goa"
2014,EWT,"Hi Ibra, Spain"
2014,MSW,"CSD, Manipal"
2014,MSW,"GVK Bio, Hyderabad"
2014,MSW,"Volmo, Bhopal"
2014,MSW,"Philips, Bangalore"
2014,MSW,"Philips, Bangalore"
2014,MSW,"Philips, Bangalore"
2014,MSW,"Philips, Pune"
2014,MSW,"Andronovo Labs, Hyd"
2014,MSW,Himanshu IT
2014,MSW,"BoP(MIRS), Manipal"
2014,MSW,"BoP(MIRS), Manipal"
2014,MSW,"Kallows, Goa"
2014,MSW,"Bosch, Bangalore"
2014,MSW,"Siemens, Goa"
2014,VIR,"Arera, Bangalore"
2014,VIR,"Intel, Bangalore"
2014,VIR,"Philips, Bangalore"
2014,VIR,"Brisa, Bangalore"
2014,VIR,"ApCog, Manipal"
2014,VIR,"iSoft, Mangalore"
2014,VIR,"ENSAI (Arera, Bangalore)"
2014,VIR,"ENSAI (Volmo, Bhopal)"
2014,VLSI,"CVC, Bangalore"
2014,VLSI,"MDN, Manipal"
2014,VLSI,"Mediatek, Bangalore"
2014,VLSI,"Broadcom, Bangalore"
2014,VLSI,"Broadcom, Bangalore"
2014,VLSI,"Broadcom, Bangalore"
2014,VLSI,"Broadcom, Bangalore"
2014,VLSI,"Broadcom, Bangalore"
2014,VLSI,"Synopsys, Bangalore"
2014,VLSI,"Synopsys, Bangalore"
2014,VLSI,"Synopsys, Hyderabad"
2014,VLSI,"Synopsys, Hyderabad"
2014,VLSI,"Synopsys, Hyderabad"
2014,VLSI,"Synopsys, Hyderabad"
2014,VLSI,"Synopsys, Hyderabad"
2014,VLSI,"Intel, Bangalore"
2014,VLSI,"Intel, Bangalore"
2014,VLSI,"Intel, Bangalore"
2014,VLSI,"Intel, Bangalore"
2014,VLSI,"Intel, Bangalore"
2014,VLSI,"Mircochip, Bangalore"
2014,VLSI,"Mircochip, Bangalore"
2014,VLSI,"ST, Noida"
2014,VLSI,"EMC, Bangalore"
2014,VLSI,"Emulex, Bangalore"
2014,VLSI,"Infineon, Bangalore"
2014,VLSI,"Infineon, Bangalore"
2014,VLSI,"NXP Semiconductor, Bangalore"
2014,VLSI,"BEL, Bangalore"
2014,VLSI,"BEL, Bangalore"
2014,VLSI,"CVC, Bangalore"
2014,VLSI,NAN
2014,VLSI,"IISc, Bangalore"
2014,VLSI,"iSoft, Mangalore"
2014,VLSI,"iSoft, Mangalore"
2014,VLSI,"iSoft, Mangalore"
2014,VLSI,"Mircochip, Bangalore"
2014,VLSI,"Cadence, Bangalore"
2014,VLSI,"Rambus, Bangalore"
2014,VLSI,NAN
2014,VLSI,NAN
2014,VSDV,"Whizchip, Bangalore"
2014,VSDV,"Whizchip, Bangalore"
2014,VSDV,"Whizchip, Bangalore"
2014,VSDV,"Whizchip, Bangalore"
2015,AES,Italy
2015,AES,"ABB, Bangalore"
2015,AES,"BMW, Germany"
2015,AES,Bosch Germany
2015,AES,"Bosch, Germany"
2015,AES,"Bosch, Germany"
2015,AES,"Bosch, Germany"
2015,AES,"Cerema, France"
2015,AES,"FEV, USA"
2015,AES,"TI, France"
2015,ES,Afferent Technologies
2015,ES,ApCog
2015,ES,ApCog
2015,ES,"Atonarp, Bangalore"
2015,ES,"Atonarp, Bangalore"
2015,ES,"Atonarp, Bangalore"
2015,ES,"BigSolv, Bangalore"
2015,ES,"Blackbuck, Hyd"
2015,ES,"Brisa, Bangalore"
2015,ES,"Brisa, Bangalore"
2015,ES,"Brisa, Bangalore"
2015,ES,"Brisa, Bangalore"
2015,ES,"Brisa, Bangalore"
2015,ES,"Brisa, Bangalore"
2015,ES,"CSD, Manipal"
2015,ES,Digitattva Tech
2015,ES,"DSP Group, Bangalore"
2015,ES,"DSP Group, Bangalore"
2015,ES,"EMC, Bangalore"
2015,ES,"EMC, Bangalore"
2015,ES,"EMC, Bangalore"
2015,ES,"Ericsson, Bangalore"
2015,ES,"Ericsson, Bangalore"
2015,ES,"Etrance Networks, Bangalore"
2015,ES,"Etrance Networks, Bangalore"
2015,ES,"GE, Bangalore"
2015,ES,"Intel, Bangalore"
2015,ES,"Intel, Bangalore"
2015,ES,"Intel, Bangalore"
2015,ES,"Intel, Bangalore"
2015,ES,"Intel, Bangalore"
2015,ES,"Intel, Bangalore"
2015,ES,"Intel, Bangalore"
2015,ES,"Intel, Bangalore"
2015,ES,Manipal
2015,ES,MDN (ApCog)
2015,ES,"Microchip, Bangalore"
2015,ES,"Microsemi, Hyd"
2015,ES,"NAL, Bangalore"
2015,ES,"NAL, Bangalore"
2015,ES,"Nokia, Bangalore"
2015,ES,"Oracle, Bangalore"
2015,ES,"Philips Lighting, Bangalore"
2015,ES,"Philips Lighting, Bangalore"
2015,ES,"Philips, Bangalore"
2015,ES,"Philips, Bangalore"
2015,ES,"Philips, Bangalore"
2015,ES,WrapMe
2015,ES,Yet to receive
2015,ESI,"Airbus, Germany"
2015,ESI,"Airbus, Germany"
2015,ESI,"Bosch, France"
2015,ESI,"Bosch, Germany"
2015,ESI,"Flanders Make, Belgium"
2015,ESI,"Flaners Make, Belgium"
2015,ESI,"Infineon, Austria"
2015,ESI,"Nintendo, Germany"
2015,ESI,"Philips Lighting, Eindhoven"
2015,ESI,"TI, Germany"
2015,ESI,"ZF Friedrichshafen AG, Germany"
2015,ESI,"ZF Friedrichshafen AG, Germany"
2015,EWT,"Brisa, Bangalore"
2015,EWT,"Centure Technologies, Bangalore"
2015,EWT,"Code Matrix, Bangalore"
2015,EWT,Cranes Software
2015,EWT,"CSD, Manipal"
2015,EWT,"GE, Bangalore"
2015,EWT,"KPIT, Pune"
2015,EWT,"Philips, Bangalore"
2015,EWT,"Skanray, Mysore"
2015,IS,Biztime IT Solutions
2015,IS,"Brisa, Bangalore"
2015,IS,"CSD, Manipal (Siemens, Goa)"
2015,IS,"GEMN R & D, Bangalore"
2015,IS,"Notary Kart, Bangalore (RTWO, Bangalore)"
2015,IS,"Prubea, Manipal"
2015,IS,"Queryhome Soln, Bangalore (RTWO, Bangalore)"
2015,MSW,"Life Bio Tech, Bangalore"
2015,MSW,"Meddiff, Bangalore"
2015,MSW,"Meddiff, Bangalore"
2015,MSW,"Meddiff, Bangalore"
2015,MSW,"Oracle, Bangalore"
2015,MSW,Radiant Software
2015,MSW,"Skanray, Mysore"
2015,MSW,"Volmo, Pune"
2015,VIR,"EMC, Bangalore"
2015,VIR,"EMC, Bangalore"
2015,VIR,"EMC, Bangalore"
2015,VIR,"GE, Bangalore"
2015,VIR,"GE, Bangalore"
2015,VIR,"Ironjaw, Manipal"
2015,VIR,"MIRS, Manipal"
2015,VIR,"Oracle, Bangalore"
2015,VIR,"StartUp, Manipal"
2015,VIR,"Winstrata, "
2015,VLSI,Accord Software
2015,VLSI,"Bitmapper, Pune"
2015,VLSI,CVC
2015,VLSI,CVC
2015,VLSI,"DSP Group, Bangalore"
2015,VLSI,"Freescale (NXP), Noida"
2015,VLSI,"Freescale (NXP), Noida"
2015,VLSI,"Intel, Bangalore"
2015,VLSI,"Intel, Bangalore"
2015,VLSI,"Intel, Bangalore"
2015,VLSI,"Intel, Bangalore"
2015,VLSI,"Intel, Bangalore"
2015,VLSI,"Intel, Bangalore"
2015,VLSI,"Intel, Bangalore"
2015,VLSI,"Intel, Bangalore"
2015,VLSI,"Intel, Bangalore"
2015,VLSI,"Intel, Bangalore"
2015,VLSI,"Intel, Bangalore"
2015,VLSI,"Intel, Bangalore"
2015,VLSI,Manipal
2015,VLSI,MDN. Manipal
2015,VLSI,"NXP, Bangalore"
2015,VLSI,Pixel Softtek
2015,VLSI,"Rambus, Bangalore"
2015,VLSI,"Siemens, Goa"
2015,VLSI,SoIS
2015,VLSI,"ST, Noida"
2015,VLSI,"ST, Noida"
2015,VLSI,"ST, Noida"
2015,VLSI,"ST, NOida"
2015,VLSI,"Whizchip, Bangalore"
2015,VLSI,"Whizchip, Bangalore"
2015,VLSI,"Whizchip, Bangalore"
2015,VLSI,"Whizchip, Bangalore"
2015,VLSI,"Xilinx (Qualcomm, Bangalore)"
2015,VLSI,"Xilinx, Hyd"
2015,VLSI,NAN
2015,VLSI,NAN
2016,AES,ESIGELEC
2016,AES,ESIGELEC
2016,AES,ESIGELEC
2016,AES,ESIGELEC
2016,AES,ESIGELEC
2016,AES,ESIGELEC
2016,AES,ESIGELEC
2016,AES,ESIGELEC
2016,AES,ESIGELEC
2016,BDA,AIM
2016,BDA,AIM
2016,BDA,ApCog
2016,BDA,Apcog Employee
2016,BDA,Beckman
2016,BDA,CSD
2016,BDA,DataTeam
2016,BDA,Ericsson
2016,BDA,Meddiff
2016,BDA,MIRS
2016,BDA,MIRS
2016,BDA,oracle
2016,BDA,Philips
2016,BDA,Philips Lighting
2016,BDA,Philips Lighting
2016,BDA,SAP
2016,BDA,SAP
2016,BDA,SAP
2016,ES,Arraystorm
2016,ES,Arraystorm
2016,ES,Arris
2016,ES,Bigsolv
2016,ES,Ciborne
2016,ES,CSD
2016,ES,CSD
2016,ES,Dell
2016,ES,Dell
2016,ES,NAN
2016,ES,DSP Group
2016,ES,Ericsson
2016,ES,Ericsson
2016,ES,Ericsson
2016,ES,Ericsson
2016,ES,GE
2016,ES,GE
2016,ES,GEMN
2016,ES,GEMN
2016,ES,Infineon
2016,ES,Infineon
2016,ES,Infineon
2016,ES,Intel
2016,ES,Intel
2016,ES,intel
2016,ES,oracle
2016,ES,oracle
2016,ES,oracle
2016,ES,PESSIT
2016,ES,Philips
2016,ES,Philips
2016,ES,Philips Lighting
2016,ES,Philips Lighting
2016,ES,Rambus
2016,ES,Robert Bosch
2016,ES,Rockwell Collins
2016,ES,SAP
2016,ES,Schneider
2016,ES,Sooktha
2016,ES,Sooktha
2016,ES,synopsys
2016,ES,Toshiba
2016,ESI,ESIGELEC
2016,ESI,ESIGELEC
2016,ESI,ESIGELEC
2016,ESI,ESIGELEC
2016,ESI,ESIGELEC
2016,ESI,ESIGELEC
2016,ESI,ESIGELEC
2016,ESI,ESIGELEC
2016,EWT,Arris
2016,EWT,Arris
2016,EWT,Beckman
2016,EWT,CD Control
2016,EWT,GE
2016,EWT,oracle
2016,EWT,Schneider
2016,EWT,Schneider
2016,EWT,ST Noida
2016,EWT,NAN
2016,IS,Beckman
2016,IS,CSD
2016,IS,CSD
2016,IS,Intel
2016,IS,k-
2016,IS,Kloaket Tech
2016,IS,MDN
2016,IS,"Philips, Manipal"
2016,IS,"Philips, Manipal"
2016,IS,"Philipsa\, Manipal"
2016,IS,"SoIS, Manipal"
2016,IS,Synconext
2016,IS,FastStream
2016,IS,NAN
2016,MS,Caliber Assurance
2016,MS,Dell
2016,MS,Meddiff
2016,MS,Meddiff
2016,MS,oracle
2016,MS,oracle
2016,MS,Philips
2016,VIR,Beckman
2016,VIR,Beckman
2016,VIR,Cerner
2016,VIR,Dell
2016,VIR,Dell
2016,VIR,Ericsson
2016,VIR,GE
2016,VIR,oracle
2016,VIR,Philips
2016,VLSI,Infineon
2016,VLSI,Infineon
2016,VLSI,Intel
2016,VLSI,Intel
2016,VLSI,Intel
2016,VLSI,Intel
2016,VLSI,ST Noida
2016,VLSI,ST Noida
2016,VLSI,ST Noida
2016,VLSI,ST Noida
2016,VLSI,synopsys
2016,VLSI,synopsys
2016,VLSI,synopsys
2016,VLSI,synopsys
2016,VLSI,Xilinx
2016,NA,Applied Materials
2016,NA,Avin Systems
2016,NA,Brisa
2016,NA,FIreEye
2016,NA,KLA-Tencor
2016,NA,Microchip
2016,NA,Neurosynaptic
2016,NA,Nokia
2016,NA,Nvidia
2016,NA,Pathpartner
2016,NA,Samsung
2016,NA,Seagate
2016,NA,Syncolite
2016,NA,UseReady
2016,NA,Vmware
2016,NA,Xilinx
2016,NA,ESIGELEC
2017,AES,ESIGELEC
2017,AES,ESIGELEC
2017,AES,ESIGELEC
2017,AES,ESIGELEC
2017,AES,ESIGELEC
2017,AES,ESIGELEC
2017,AES,ESIGELEC
2017,AES,ESIGELEC
2017,AES,ESIGELEC
2017,AES,ESIGELEC
2017,AES,ESIGELEC
2017,AES,ESIGELEC
2017,AES,ESIGELEC
2017,AES,ESIGELEC
2017,BDA,GE
2017,BDA,KPIT
2017,BDA,Pixcellence
2017,BDA,Oracle
2017,BDA,KPIT
2017,BDA,Dell
2017,BDA,Oracle
2017,BDA,VCU
2017,BDA,Dell
2017,BDA,Dell
2017,BDA,Dell
2017,BDA,VCU
2017,BDA,Ericsson
2017,BDA,Beckman
2017,BDA,Dell
2017,BDA,Ericsson
2017,BDA,Philips
2017,BDA,Dell
2017,BDA,VCU
2017,BDA,Philips
2017,BDA,KPIT
2017,BDA,GE
2017,BDA,Dell
2017,BDA,Oracle
2017,BDA,KPIT
2017,BDA,KPIT
2017,BDA,Oracle
2017,BDA,"HIS LAB, SOIS"
2017,BDA,KPIT
2017,BDA,Philips
2017,BDA,Oracle
2017,BDA,Oracle
2017,BDA,KPIT
2017,BDA,KPIT
2017,BDA,KPIT
2017,BDA,KPIT
2017,BDA,KPIT
2017,BDA,"HIS LAB, SOIS"
2017,BDA,Ericsson
2017,BDA,Dell
2017,BDA,Nokia
2017,BDA,Oracle
2017,BDA,GE
2017,BDA,NAN
2017,BDA,GE
2017,ES,IntelliPredikt (BigSolv)
2017,ES,Oracle
2017,ES,Intel
2017,ES,APCOG
2017,ES,Ambee
2017,ES,Intel
2017,ES,Marvel
2017,ES,Intel
2017,ES,Intel
2017,ES,Ericsson
2017,ES,Intel
2017,ES,Oracle
2017,ES,Intel
2017,ES,Avin Systems
2017,ES,Avin Systems
2017,ES,Oracle
2017,ES,TCS
2017,ES,Intel
2017,ES,Enmarq Tech
2017,ES,Dell
2017,ES,Nokia
2017,ES,Avin Systems
2017,ES,Intel
2017,ES,Intel
2017,ES,Intel
2017,ES,Intel
2017,ES,KPIT
2017,ES,APCOG
2017,ES,KPIT
2017,ES,Intel
2017,ES,Intel
2017,ES,Intel
2017,ES,Intel
2017,ES,Intel
2017,ES,Intel
2017,ES,KPIT
2017,ES,Intel
2017,ESI,ESIGELEC
2017,ESI,ESIGELEC
2017,ESI,ESIGELEC
2017,ESI,ESIGELEC
2017,ESI,ESIGELEC
2017,ESI,ESIGELEC
2017,ESI,ESIGELEC
2017,ESI,ESIGELEC
2017,ESI,ESIGELEC
2017,ESI,ESIGELEC
2017,IS,MDN
2017,IS,"Philipsa\, Manipal"
2017,IS,Synconext
2017,IS,"SoIS, Manipal"
2017,IS,Intel
2017,IS,FastStream
2017,IS,"Philips, Manipal"
2017,IS,CSD
2017,IS,NAN
2017,IS,"Philips, Manipal"
2017,IS,Kloaket Tech
2017,IS,Beckman
2017,IS,CSD
2017,IS,NAN
2017,MS,Philips
2017,MS,Philips
2017,MS,Dell
2017,MS,Oracle
2017,VIR,VMware
2017,VIR,Dell
2017,VIR,Dell
2017,VIR,Ericsson
2017,VIR,Dell
2017,VIR,Dell
2017,VIR,Dell
2017,VIR,Dell
2017,VIR,Nokia
2017,VLSI,Xilinx
2017,VLSI,Qualcomm
2017,VLSI,Nvidia
2017,VLSI,Intel
2017,VLSI,Intel
2017,VLSI,Intel
2017,VLSI,Intel
2017,VLSI,Intel
2017,VLSI,Intel
2017,VLSI,Intel
2017,VLSI,Intel
2017,VLSI,Intel
2017,VLSI,Intel
2017,VLSI,Intel
2017,VLSI,NAN
2017,VLSI,Intel
2017,VLSI,Mediatek
2017,VLSI,Mirafra
2017,VLSI,FastStream
2017,VLSI,Intel
2017,VLSI,Intel
2017,VLSI,Mirafra
2017,VLSI,Intel
2017,VLSI,Intel
2017,VLSI,Mirafra
2017,VLSI,"ST, Noida"
2017,VLSI,Intel
2017,VLSI,NAN
2017,VLSI,FastStream
2017,VLSI,infineon
2017,VLSI,Intel
2017,VLSI,Gujarat
2017,VLSI,Mirafra
2017,VLSI,Intel
2017,VLSI,Mirafra
2017,VLSI,infineon
2017,VLSI,FastStream
2017,VLSI,infineon
2018,BDA,Philips
2018,BDA,Sentienz
2018,BDA,Philips
2018,BDA,Philips
2018,BDA,GE
2018,BDA,Datateam
2018,BDA,Nokia
2018,BDA,Avin Systems
2018,BDA,Datateam
2018,BDA,Nokia
2018,BDA,Philips
2018,BDA,Cerner
2018,BDA,Nokia
2018,BDA,Embitel
2018,BDA,Embitel
2018,BDA,KPIT
2018,BDA,Nokia
2018,BDA,Philips
2018,BDA,KPIT
2018,BDA,CEAT
2018,BDA,Reliance
2018,BDA,Nokia
2018,BDA,Nokia
2018,BDA,Philips
2018,BDA,GE
2018,BDA,Philips
2018,BDA,Reliance
2018,BDA,Reliance
2018,BDA,Beckman
2018,BDA,Cerner
2018,BDA,Robert Bosch
2018,BDA,NAN
2018,BDA,NAN
2018,BDA,Tallyx Labs
2018,BDA,NAN
2018,BDA,NAN
2018,BDA,NAN
2018,BDA,NAN
2018,BDA,NAN
2018,CC,Dell
2018,CC,Philips
2018,CC,Avin Systems
2018,CC,Philips
2018,CC,MIRS
2018,CC,Nokia
2018,CC,Bharat Robotics System
2018,CC,Avin Systems
2018,CC,Philips
2018,CC,Philips
2018,CC,CSD
2018,CC,Germany
2018,CC,NAN
2018,CC,CSD
2018,CC,NAN
2018,CC,NAN
2018,CC,Oracle
2018,CC,Intel
2018,CC,Oracle
2018,CC,Philips
2018,CC,FireEye
2018,CC,IBM
2018,CC,KPIT
2018,CC,Intel
2018,CC,NAN
2018,CC,NAN
2018,EWT,APCOG
2018,EWT,KPIT
2018,EWT,Marvell
2018,EWT,Dell
2018,EWT,CSD
2018,EWT,Embitel
2018,EWT,Dell
2018,EWT,Analog Device
2018,EWT,Dell
2018,EWT,Infineon
2018,EWT,DSP Group
2018,EWT,L&T
2018,EWT,Toyota
2018,EWT,NAN
2018,EWT,NAN
2018,ES,Dell
2018,ES,Microchip
2018,ES,"Intel, Bangalore"
2018,ES,"Intel, Bangalore"
2018,ES,Nokia
2018,ES,Dell
2018,ES,KPIT
2018,ES,Nokia
2018,ES,"Intel, Bangalore"
2018,ES,"Intel, Bangalore"
2018,ES,KPIT
2018,ES,Cypress
2018,ES,"Intel, Bangalore"
2018,ES,Nokia
2018,ES,"Intel, Bangalore"
2018,ES,Dell
2018,ES,KPIT
2018,ES,"Intel, Bangalore"
2018,ES,"Intel, Bangalore"
2018,ES,KPIT
2018,ES,Whirlpool
2018,ES,KPIT
2018,ES,KPIT
2018,ES,KPIT
2018,ES,"Intel, Bangalore"
2018,ES,Oracle
2018,ES,Embitel
2018,ES,Analog Device
2018,ES,Nokia
2018,ES,"Intel, Bangalore"
2018,ES,Synersense
2018,ES,Infineon
2018,ES,KPIT
2018,ES,"Intel, Bangalore"
2018,ES,"Intel, Bangalore"
2018,ES,Infineon
2018,ES,"Intel, Bangalore"
2018,ES,"Intel, Bangalore"
2018,EWT,NAN
2018,EWT,NAN
2018,IT,APCOG
2018,IT,Microchip
2018,IT,Philips
2018,IT,Infineon
2018,IT,Arris
2018,IT,Continental
2018,IT,Infineon
2018,IT,Arris
2018,IT,Reliance
2018,IT,Arris
2018,IT,Philips
2018,IT,Infineon
2018,IT,Infineon
2018,IT,KPIT
2018,IT,Philips
2018,IT,Philips
2018,IT,Nokia
2018,IT,NAN
2018,MS,Samsung
2018,MS,Philips
2018,MS,Analog Device
2018,MS,Robert Bosch
2018,MS,Meddiff
2018,MS,Meddiff
2018,MS,Samsung
2018,MS,Philips
2018,MS,NAN
2018,MS,Philips
2018,MS,NAN
2018,MS,NAN
2018,MS,NAN
2018,MS,NAN
2018,VLSI,Intel
2018,VLSI ,"NXP, Nodia"
2018,VLSI,"NXP, Nodia"
2018,VLSI ,Intel
2018,VLSI,KPIT
2018,VLSI ,Intel
2018,VLSI,Intel
2018,VLSI ,Intel
2018,VLSI,Intel
2018,VLSI ,Infineon
2018,VLSI,Intel
2018,VLSI ,Intel
2018,VLSI,Intel
2018,VLSI ,Intel
2018,VLSI,Intel
2018,VLSI ,Intel
2018,VLSI,Microchip
2018,VLSI ,Ensilica
2018,VLSI,Ensilica
2018,VLSI ,Intel
2018,VLSI,Intel
2018,VLSI ,Intel
2018,VLSI,Intel
2018,VLSI ,Ensilica
2018,VLSI,"NXP, Nodia"
2018,VLSI ,Intel
2018,VLSI,Intel
2018,VLSI ,Ensilica
2018,VLSI,Nvidia
2018,VLSI ,Intel
2018,VLSI,Intel
2018,VLSI ,Intel
2018,VLSI,Intel
2018,VLSI ,Intel
2018,VLSI,NAN
2018,VLSI ,Bitmapper
2018,VLSI,Si2chip
2018,VLSI ,NAN
2018,VLSI,"NXP, Bangalore"
2018,VLSI ,NAN
